Team,P,W,D,L,GF_BF,For,GA_BA,Agn,Pct,Pts,Year,Home_W,Home_D,Home_L,Away_W,Away_D,Away_L,WA_Team,Freo,Eagles,primary_col,secondary_col,Pt_diff
Essendon,22,21,,1,415.326 (56%),2816,259.216 (55%),1770,159.1,84,2000,10,0,1,10,0,1,0,0,0,darkgray,lightblue,1046
Carlton,22,16,,6,396.291 (58%),2667,291.233 (56%),1979,134.8,64,2000,9,0,2,9,0,2,0,0,0,darkgray,lightblue,688
Melbourne,22,14,,8,378.289 (57%),2557,314.275 (53%),2159,118.4,56,2000,9,0,2,9,0,2,0,0,0,darkgray,lightblue,398
Kangaroos,22,14,,8,359.293 (55%),2447,338.276 (55%),2304,106.2,56,2000,8,0,3,8,0,3,0,0,0,darkgray,lightblue,143
Geelong,22,12,1,9,329.260 (56%),2234,337.284 (54%),2306,96.9,50,2000,7,0,4,7,0,4,0,0,0,darkgray,lightblue,-72
Brisbane Lions,22,12,,10,384.298 (56%),2602,323.284 (53%),2222,117.1,48,2000,7,0,4,7,0,4,0,0,0,darkgray,lightblue,380
Western Bulldogs,22,12,,10,347.239 (59%),2321,330.261 (56%),2241,103.6,48,2000,7,0,4,7,0,4,0,0,0,darkgray,lightblue,80
Hawthorn,22,12,,10,327.236 (58%),2198,328.283 (54%),2251,97.6,48,2000,6,0,5,6,0,5,0,0,0,darkgray,lightblue,-53
Richmond,22,11,,11,303.250 (55%),2068,323.283 (53%),2221,93.1,44,2000,5,0,6,5,0,6,0,0,0,darkgray,lightblue,-153
Sydney,22,10,,12,333.256 (57%),2254,328.251 (57%),2219,101.6,40,2000,6,0,5,6,0,5,0,0,0,darkgray,lightblue,35
Adelaide,22,9,,13,323.317 (50%),2255,347.265 (57%),2347,96.1,36,2000,6,0,5,6,0,5,0,0,0,darkgray,lightblue,-92
Fremantle,22,8,,14,276.230 (55%),1886,387.296 (57%),2618,72,32,2000,5,0,6,5,0,6,1,1,0,2a0d54,a2acb4,-732
West Coast,22,7,1,14,326.260 (56%),2216,351.293 (55%),2399,92.4,30,2000,5,0,6,5,0,6,1,0,1,#003087,#f2a900,-183
Port Adelaide,22,7,1,14,273.290 (48%),1928,339.261 (57%),2295,84,30,2000,5,1,5,5,1,5,0,0,0,darkgray,lightblue,-367
Collingwood,22,7,,15,301.283 (52%),2089,356.295 (55%),2431,85.9,28,2000,3,0,8,3,0,8,0,0,0,darkgray,lightblue,-342
St Kilda,22,2,1,19,272.223 (55%),1855,391.285 (58%),2631,70.5,10,2000,2,1,8,2,1,8,0,0,0,darkgray,lightblue,-776
Essendon,22,17,,5,379.274 (58%),2548,278.227 (55%),1895,134.5,68,2001,9,0,2,9,0,2,0,0,0,darkgray,lightblue,653
Brisbane Lions,22,17,,5,368.330 (53%),2538,291.243 (54%),1989,127.6,68,2001,10,0,1,10,0,1,0,0,0,darkgray,lightblue,549
Port Adelaide,22,16,,6,363.295 (55%),2473,279.244 (53%),1918,128.9,64,2001,9,0,2,9,0,2,0,0,0,darkgray,lightblue,555
Richmond,22,15,,7,312.254 (55%),2126,285.263 (52%),1973,107.8,60,2001,7,0,4,7,0,4,0,0,0,darkgray,lightblue,153
Carlton,22,14,,8,338.283 (54%),2311,261.231 (53%),1797,128.6,56,2001,8,0,3,8,0,3,0,0,0,darkgray,lightblue,514
Hawthorn,22,13,,9,319.235 (58%),2149,292.289 (50%),2041,105.3,52,2001,6,0,5,6,0,5,0,0,0,darkgray,lightblue,108
Sydney,22,12,,10,307.279 (52%),2121,259.279 (48%),1833,115.7,48,2001,7,0,4,7,0,4,0,0,0,darkgray,lightblue,288
Adelaide,22,12,,10,298.297 (50%),2085,300.226 (57%),2026,102.9,48,2001,6,0,5,6,0,5,0,0,0,darkgray,lightblue,59
Collingwood,22,11,,11,328.264 (55%),2232,306.252 (55%),2088,106.9,44,2001,5,0,6,5,0,6,0,0,0,darkgray,lightblue,144
Western Bulldogs,22,10,,12,337.283 (54%),2305,364.274 (57%),2458,93.8,40,2001,3,0,8,3,0,8,0,0,0,darkgray,lightblue,-153
Melbourne,22,10,,12,312.264 (54%),2136,347.282 (55%),2364,90.4,40,2001,3,0,8,3,0,8,0,0,0,darkgray,lightblue,-228
Geelong,22,9,,13,279.252 (53%),1926,304.230 (57%),2054,93.8,36,2001,5,0,6,5,0,6,0,0,0,darkgray,lightblue,-128
Kangaroos,22,9,,13,319.247 (56%),2161,352.259 (58%),2371,91.1,36,2001,4,0,7,4,0,7,0,0,0,darkgray,lightblue,-210
West Coast,22,5,,17,248.220 (53%),1708,380.310 (55%),2590,65.9,20,2001,3,0,8,3,0,8,1,0,1,#003087,#f2a900,-882
St Kilda,22,4,,18,284.213 (57%),1917,389.308 (56%),2642,72.6,16,2001,1,0,10,1,0,10,0,0,0,darkgray,lightblue,-725
Fremantle,22,2,,20,258.246 (51%),1794,362.319 (53%),2491,72,8,2001,1,0,10,1,0,10,1,1,0,2a0d54,a2acb4,-697
Port Adelaide,22,18,,4,350.260 (57%),2360,259.229 (53%),1783,132.4,72,2002,10,0,1,10,0,1,0,0,0,darkgray,lightblue,577
Brisbane Lions,22,17,,5,368.312 (54%),2520,268.235 (53%),1843,136.7,68,2002,11,0,0,11,0,0,0,0,0,darkgray,lightblue,677
Adelaide,22,15,,7,339.274 (55%),2308,295.237 (55%),2007,115,60,2002,9,0,2,9,0,2,0,0,0,darkgray,lightblue,301
Collingwood,22,13,,9,303.263 (54%),2081,273.259 (51%),1897,109.7,52,2002,9,0,2,9,0,2,0,0,0,darkgray,lightblue,184
Essendon,22,12,1,9,278.271 (51%),1939,265.257 (51%),1847,105,50,2002,8,0,3,8,0,3,0,0,0,darkgray,lightblue,92
Melbourne,22,12,,10,329.269 (55%),2243,327.283 (54%),2245,99.9,48,2002,7,0,4,7,0,4,0,0,0,darkgray,lightblue,-2
Kangaroos,22,12,,10,327.279 (54%),2241,338.241 (58%),2269,98.8,48,2002,7,0,4,7,0,4,0,0,0,darkgray,lightblue,-28
West Coast,22,11,,11,327.246 (57%),2208,328.286 (53%),2254,98,44,2002,9,0,2,9,0,2,1,0,1,#003087,#f2a900,-46
Geelong,22,11,,11,283.235 (55%),1933,298.241 (55%),2029,95.3,44,2002,5,0,6,5,0,6,0,0,0,darkgray,lightblue,-96
Hawthorn,22,11,,11,286.222 (56%),1938,305.277 (52%),2107,92,44,2002,7,0,4,7,0,4,0,0,0,darkgray,lightblue,-169
Sydney,22,9,1,12,310.263 (54%),2123,290.236 (55%),1976,107.4,38,2002,6,0,5,6,0,5,0,0,0,darkgray,lightblue,147
Western Bulldogs,22,9,1,12,342.283 (55%),2335,329.272 (55%),2246,104,38,2002,5,1,5,5,1,5,0,0,0,darkgray,lightblue,89
Fremantle,22,9,,13,274.256 (52%),1900,319.237 (57%),2151,88.3,36,2002,9,0,2,9,0,2,1,1,0,2a0d54,a2acb4,-251
Richmond,22,7,,15,257.259 (50%),1801,317.270 (54%),2172,82.9,28,2002,6,0,5,6,0,5,0,0,0,darkgray,lightblue,-371
St Kilda,22,5,1,16,265.195 (58%),1785,334.267 (56%),2271,78.6,22,2002,4,1,6,4,1,6,0,0,0,darkgray,lightblue,-486
Carlton,22,3,,19,244.218 (53%),1682,337.278 (55%),2300,73.1,12,2002,2,0,9,2,0,9,0,0,0,darkgray,lightblue,-618
Port Adelaide,22,18,,4,326.273 (54%),2229,253.234 (52%),1752,127.2,72,2003,10,0,1,10,0,1,0,0,0,darkgray,lightblue,477
Collingwood,22,15,,7,329.285 (54%),2259,267.256 (51%),1858,121.6,60,2003,7,0,4,7,0,4,0,0,0,darkgray,lightblue,401
Brisbane Lions,22,14,1,7,335.285 (54%),2295,271.256 (51%),1882,121.9,58,2003,8,0,3,8,0,3,0,0,0,darkgray,lightblue,413
Sydney,22,14,,8,320.222 (59%),2142,270.242 (53%),1862,115,56,2003,8,0,3,8,0,3,0,0,0,darkgray,lightblue,280
Fremantle,22,14,,8,311.277 (53%),2143,305.248 (55%),2078,103.1,56,2003,10,0,1,10,0,1,1,1,0,2a0d54,a2acb4,65
Adelaide,22,13,,9,310.254 (55%),2114,255.224 (53%),1754,120.5,52,2003,8,0,3,8,0,3,0,0,0,darkgray,lightblue,360
West Coast,22,12,2,8,341.280 (55%),2326,289.248 (54%),1982,117.4,52,2003,8,1,2,8,1,2,1,0,1,#003087,#f2a900,344
Essendon,22,13,,9,322.258 (56%),2190,286.244 (54%),1960,111.7,52,2003,8,0,3,8,0,3,0,0,0,darkgray,lightblue,230
Hawthorn,22,12,,10,296.235 (56%),2011,294.235 (56%),1999,100.6,48,2003,7,0,4,7,0,4,0,0,0,darkgray,lightblue,12
Kangaroos,22,11,1,10,319.271 (54%),2185,328.255 (56%),2223,98.3,46,2003,5,1,5,5,1,5,0,0,0,darkgray,lightblue,-38
St Kilda,22,11,,11,307.253 (55%),2095,321.261 (55%),2187,95.8,44,2003,8,0,3,8,0,3,0,0,0,darkgray,lightblue,-92
Geelong,22,7,1,14,262.247 (51%),1819,301.219 (58%),2025,89.8,30,2003,5,1,5,5,1,5,0,0,0,darkgray,lightblue,-206
Richmond,22,7,,15,270.226 (54%),1846,302.266 (53%),2078,88.8,28,2003,4,0,7,4,0,7,0,0,0,darkgray,lightblue,-232
Melbourne,22,5,,17,280.219 (56%),1899,349.250 (58%),2344,81,20,2003,4,0,7,4,0,7,0,0,0,darkgray,lightblue,-445
Carlton,22,4,,18,259.230 (53%),1784,394.310 (56%),2674,66.7,16,2003,1,0,10,1,0,10,0,0,0,darkgray,lightblue,-890
Western Bulldogs,22,3,1,18,295.244 (55%),2014,397.311 (56%),2693,74.8,14,2003,2,0,9,2,0,9,0,0,0,darkgray,lightblue,-679
Port Adelaide,22,17,,5,357.271 (57%),2413,258.275 (48%),1823,132.4,68,2004,10,0,1,10,0,1,0,0,0,darkgray,lightblue,590
Brisbane Lions,22,16,,6,358.299 (54%),2447,259.229 (53%),1783,137.2,64,2004,10,0,1,10,0,1,0,0,0,darkgray,lightblue,664
St Kilda,22,16,,6,370.223 (62%),2443,283.211 (57%),1909,128,64,2004,10,0,1,10,0,1,0,0,0,darkgray,lightblue,534
Geelong,22,15,,7,299.294 (50%),2088,254.217 (54%),1741,119.9,60,2004,11,0,0,11,0,0,0,0,0,darkgray,lightblue,347
Melbourne,22,14,,8,305.297 (51%),2127,277.238 (54%),1900,111.9,56,2004,9,0,2,9,0,2,0,0,0,darkgray,lightblue,227
Sydney,22,13,,9,287.216 (57%),1938,262.232 (53%),1804,107.4,52,2004,8,0,3,8,0,3,0,0,0,darkgray,lightblue,134
West Coast,22,13,,9,293.284 (51%),2042,290.228 (56%),1968,103.8,52,2004,9,0,2,9,0,2,1,0,1,#003087,#f2a900,74
Essendon,22,12,,10,338.254 (57%),2282,328.260 (56%),2228,102.4,48,2004,6,0,5,6,0,5,0,0,0,darkgray,lightblue,54
Fremantle,22,11,,11,275.232 (54%),1882,267.268 (50%),1870,100.6,44,2004,5,0,6,5,0,6,1,1,0,2a0d54,a2acb4,12
Kangaroos,22,10,,12,315.252 (56%),2142,317.233 (58%),2135,100.3,40,2004,6,0,5,6,0,5,0,0,0,darkgray,lightblue,7
Carlton,22,10,,12,268.217 (55%),1825,328.267 (55%),2235,81.7,40,2004,6,0,5,6,0,5,0,0,0,darkgray,lightblue,-410
Adelaide,22,8,,14,280.270 (51%),1950,299.245 (55%),2039,95.6,32,2004,5,0,6,5,0,6,0,0,0,darkgray,lightblue,-89
Collingwood,22,8,,14,271.273 (50%),1899,302.270 (53%),2082,91.2,32,2004,5,0,6,5,0,6,0,0,0,darkgray,lightblue,-183
Western Bulldogs,22,5,,17,280.277 (50%),1957,359.305 (54%),2459,79.6,20,2004,2,0,9,2,0,9,0,0,0,darkgray,lightblue,-502
Hawthorn,22,4,,18,246.192 (56%),1668,343.317 (52%),2375,70.2,16,2004,3,0,8,3,0,8,0,0,0,darkgray,lightblue,-707
Richmond,22,4,,18,246.217 (53%),1693,362.273 (57%),2445,69.2,16,2004,3,0,8,3,0,8,0,0,0,darkgray,lightblue,-752
Adelaide,22,17,,5,301.264 (53%),2070,219.203 (52%),1517,136.5,68,2005,9,0,2,9,0,2,0,0,0,darkgray,lightblue,553
West Coast,22,17,,5,328.293 (53%),2261,267.222 (55%),1824,124,68,2005,10,0,1,10,0,1,1,0,1,#003087,#f2a900,437
Sydney,22,15,,7,287.252 (53%),1974,245.226 (52%),1696,116.4,60,2005,9,0,2,9,0,2,0,0,0,darkgray,lightblue,278
St Kilda,22,14,,8,355.277 (56%),2407,268.198 (58%),1806,133.3,56,2005,8,0,3,8,0,3,0,0,0,darkgray,lightblue,601
Kangaroos,22,13,,9,301.247 (55%),2053,301.263 (53%),2069,99.2,52,2005,6,0,5,6,0,5,0,0,0,darkgray,lightblue,-16
Geelong,22,12,,10,310.274 (53%),2134,281.220 (56%),1906,112,48,2005,9,0,2,9,0,2,0,0,0,darkgray,lightblue,228
Melbourne,22,12,,10,317.269 (54%),2171,328.298 (52%),2266,95.8,48,2005,6,0,5,6,0,5,0,0,0,darkgray,lightblue,-95
Port Adelaide,22,11,1,10,295.258 (53%),2028,300.266 (53%),2066,98.2,46,2005,8,1,2,8,1,2,0,0,0,darkgray,lightblue,-38
Western Bulldogs,22,11,,11,352.273 (56%),2385,342.299 (53%),2351,101.4,44,2005,7,0,4,7,0,4,0,0,0,darkgray,lightblue,34
Fremantle,22,11,,11,304.217 (58%),2041,291.292 (50%),2038,100.1,44,2005,7,0,4,7,0,4,1,1,0,2a0d54,a2acb4,3
Brisbane Lions,22,10,,12,314.255 (55%),2139,313.286 (52%),2164,98.8,40,2005,5,0,6,5,0,6,0,0,0,darkgray,lightblue,-25
Richmond,22,10,,12,294.258 (53%),2022,323.252 (56%),2190,92.3,40,2005,6,0,5,6,0,5,0,0,0,darkgray,lightblue,-168
Essendon,22,8,,14,314.234 (57%),2118,337.280 (55%),2302,92,32,2005,7,0,4,7,0,4,0,0,0,darkgray,lightblue,-184
Hawthorn,22,5,,17,280.224 (56%),1904,343.259 (57%),2317,82.2,20,2005,4,0,7,4,0,7,0,0,0,darkgray,lightblue,-413
Collingwood,22,5,,17,270.264 (51%),1884,357.283 (56%),2425,77.7,20,2005,3,0,8,3,0,8,0,0,0,darkgray,lightblue,-541
Carlton,22,4,1,17,293.258 (53%),2016,400.270 (60%),2670,75.5,18,2005,3,0,8,3,0,8,0,0,0,darkgray,lightblue,-654
West Coast,22,17,,5,324.313 (51%),2257,273.236 (54%),1874,120.4,68,2006,9,0,2,9,0,2,1,0,1,#003087,#f2a900,383
Adelaide,22,16,,6,340.291 (54%),2331,237.218 (52%),1640,142.1,64,2006,9,0,2,9,0,2,0,0,0,darkgray,lightblue,691
Fremantle,22,15,,7,303.261 (54%),2079,267.291 (48%),1893,109.8,60,2006,9,0,2,9,0,2,1,1,0,2a0d54,a2acb4,186
Sydney,22,14,,8,304.274 (53%),2098,240.190 (56%),1630,128.7,56,2006,6,0,5,6,0,5,0,0,0,darkgray,lightblue,468
Collingwood,22,14,,8,346.269 (56%),2345,285.255 (53%),1965,119.3,56,2006,9,0,2,9,0,2,0,0,0,darkgray,lightblue,380
St Kilda,22,14,,8,302.262 (54%),2074,250.252 (50%),1752,118.4,56,2006,7,0,4,7,0,4,0,0,0,darkgray,lightblue,322
Melbourne,22,13,1,8,314.262 (55%),2146,282.265 (52%),1957,109.7,54,2006,8,0,3,8,0,3,0,0,0,darkgray,lightblue,189
Western Bulldogs,22,13,,9,340.271 (56%),2311,311.307 (50%),2173,106.4,52,2006,7,0,4,7,0,4,0,0,0,darkgray,lightblue,138
Richmond,22,11,,11,278.266 (51%),1934,323.307 (51%),2245,86.1,44,2006,6,0,5,6,0,5,0,0,0,darkgray,lightblue,-311
Geelong,22,10,1,11,290.242 (55%),1982,293.244 (55%),2002,99,42,2006,6,1,4,6,1,4,0,0,0,darkgray,lightblue,-20
Hawthorn,22,9,,13,271.208 (57%),1834,308.292 (51%),2140,85.7,36,2006,6,0,5,6,0,5,0,0,0,darkgray,lightblue,-306
Port Adelaide,22,8,,14,271.285 (49%),1911,309.297 (51%),2151,88.8,32,2006,4,0,7,4,0,7,0,0,0,darkgray,lightblue,-240
Brisbane Lions,22,7,,15,260.284 (48%),1844,324.295 (52%),2239,82.4,28,2006,4,0,7,4,0,7,0,0,0,darkgray,lightblue,-395
Kangaroos,22,7,,15,249.260 (49%),1754,317.265 (54%),2167,80.9,28,2006,5,0,6,5,0,6,0,0,0,darkgray,lightblue,-413
Essendon,22,3,1,18,291.275 (51%),2021,367.267 (58%),2469,81.9,14,2006,3,1,7,3,1,7,0,0,0,darkgray,lightblue,-448
Carlton,22,3,1,18,257.249 (51%),1791,354.291 (55%),2415,74.2,14,2006,2,0,9,2,0,9,0,0,0,darkgray,lightblue,-624
Geelong,22,18,,4,370.322 (53%),2542,240.224 (52%),1664,152.8,72,2007,9,0,2,9,0,2,0,0,0,darkgray,lightblue,878
Port Adelaide,22,15,,7,337.292 (54%),2314,295.268 (52%),2038,113.5,60,2007,8,0,3,8,0,3,0,0,0,darkgray,lightblue,276
West Coast,22,15,,7,313.284 (52%),2162,281.249 (53%),1935,111.7,60,2007,8,0,3,8,0,3,1,0,1,#003087,#f2a900,227
Kangaroos,22,14,,8,314.299 (51%),2183,285.288 (50%),1998,109.3,56,2007,6,0,5,6,0,5,0,0,0,darkgray,lightblue,185
Hawthorn,22,13,,9,305.267 (53%),2097,266.259 (51%),1855,113,52,2007,7,0,4,7,0,4,0,0,0,darkgray,lightblue,242
Collingwood,22,13,,9,284.307 (48%),2011,288.264 (52%),1992,101,52,2007,7,0,4,7,0,4,0,0,0,darkgray,lightblue,19
Sydney,22,12,1,9,297.249 (54%),2031,246.222 (53%),1698,119.6,50,2007,8,0,3,8,0,3,0,0,0,darkgray,lightblue,333
Adelaide,22,12,,10,270.261 (51%),1881,244.248 (50%),1712,109.9,48,2007,6,0,5,6,0,5,0,0,0,darkgray,lightblue,169
St Kilda,22,11,1,10,267.272 (50%),1874,282.249 (53%),1941,96.5,46,2007,7,0,4,7,0,4,0,0,0,darkgray,lightblue,-67
Brisbane Lions,22,9,2,11,283.288 (50%),1986,266.289 (48%),1885,105.4,40,2007,5,1,5,5,1,5,0,0,0,darkgray,lightblue,101
Fremantle,22,10,,12,333.256 (57%),2254,317.296 (52%),2198,102.5,40,2007,7,0,4,7,0,4,1,1,0,2a0d54,a2acb4,56
Essendon,22,10,,12,320.264 (55%),2184,351.288 (55%),2394,91.2,40,2007,6,0,5,6,0,5,0,0,0,darkgray,lightblue,-210
Western Bulldogs,22,9,1,12,308.263 (54%),2111,358.321 (53%),2469,85.5,38,2007,5,1,5,5,1,5,0,0,0,darkgray,lightblue,-358
Melbourne,22,5,,17,273.252 (52%),1890,349.324 (52%),2418,78.2,20,2007,4,0,7,4,0,7,0,0,0,darkgray,lightblue,-528
Carlton,22,4,,18,312.295 (51%),2167,433.313 (58%),2911,74.4,16,2007,4,0,7,4,0,7,0,0,0,darkgray,lightblue,-744
Richmond,22,3,1,18,285.248 (53%),1958,370.317 (54%),2537,77.2,14,2007,2,1,8,2,1,8,0,0,0,darkgray,lightblue,-579
Geelong,22,21,,1,392.320 (55%),2672,237.229 (51%),1651,161.8,84,2008,11,0,0,11,0,0,0,0,0,darkgray,lightblue,1021
Hawthorn,22,17,,5,354.310 (53%),2434,266.250 (52%),1846,131.9,68,2008,8,0,3,8,0,3,0,0,0,darkgray,lightblue,588
Western Bulldogs,22,15,1,6,371.280 (57%),2506,308.264 (54%),2112,118.7,62,2008,8,1,2,8,1,2,0,0,0,darkgray,lightblue,394
St Kilda,22,13,,9,309.272 (53%),2126,278.255 (52%),1923,110.6,52,2008,8,0,3,8,0,3,0,0,0,darkgray,lightblue,203
Adelaide,22,13,,9,287.295 (49%),2017,260.278 (48%),1838,109.7,52,2008,9,0,2,9,0,2,0,0,0,darkgray,lightblue,179
Sydney,22,12,1,9,302.283 (52%),2095,266.267 (50%),1863,112.5,50,2008,7,0,4,7,0,4,0,0,0,darkgray,lightblue,232
North Melbourne,22,12,1,9,310.261 (54%),2121,318.279 (53%),2187,97,50,2008,5,1,5,5,1,5,0,0,0,darkgray,lightblue,-66
Collingwood,22,12,,10,331.281 (54%),2267,296.262 (53%),2038,111.2,48,2008,7,0,4,7,0,4,0,0,0,darkgray,lightblue,229
Richmond,22,11,1,10,331.242 (58%),2228,335.278 (55%),2288,97.4,46,2008,5,0,6,5,0,6,0,0,0,darkgray,lightblue,-60
Brisbane Lions,22,10,,12,306.320 (49%),2156,322.268 (55%),2200,98,40,2008,8,0,3,8,0,3,0,0,0,darkgray,lightblue,-44
Carlton,22,10,,12,323.279 (54%),2217,345.284 (55%),2354,94.2,40,2008,3,0,8,3,0,8,0,0,0,darkgray,lightblue,-137
Essendon,22,8,,14,315.240 (57%),2130,384.304 (56%),2608,81.7,32,2008,5,0,6,5,0,6,0,0,0,darkgray,lightblue,-478
Port Adelaide,22,7,,15,309.264 (54%),2118,321.282 (53%),2208,95.9,28,2008,3,0,8,3,0,8,0,0,0,darkgray,lightblue,-90
Fremantle,22,6,,16,287.266 (52%),1988,310.261 (54%),2121,93.7,24,2008,4,0,7,4,0,7,1,1,0,2a0d54,a2acb4,-133
West Coast,22,4,,18,236.254 (48%),1670,375.285 (57%),2535,65.9,16,2008,4,0,7,4,0,7,1,0,1,#003087,#f2a900,-865
Melbourne,22,3,,19,234.225 (51%),1629,376.346 (52%),2602,62.6,12,2008,3,0,8,3,0,8,0,0,0,darkgray,lightblue,-973
St Kilda,22,20,,2,322.265 (55%),2197,206.175 (54%),1411,155.7,80,2009,10,0,1,10,0,1,0,0,0,darkgray,lightblue,786
Geelong,22,18,,4,337.290 (54%),2312,269.201 (57%),1815,127.4,72,2009,11,0,0,11,0,0,0,0,0,darkgray,lightblue,497
Western Bulldogs,22,15,,7,351.272 (56%),2378,284.236 (55%),1940,122.6,60,2009,7,0,4,7,0,4,0,0,0,darkgray,lightblue,438
Collingwood,22,15,,7,313.296 (51%),2174,255.248 (51%),1778,122.3,60,2009,6,0,5,6,0,5,0,0,0,darkgray,lightblue,396
Adelaide,22,14,,8,307.262 (54%),2104,262.217 (55%),1789,117.6,56,2009,7,0,4,7,0,4,0,0,0,darkgray,lightblue,315
Brisbane Lions,22,13,1,8,298.229 (57%),2017,273.252 (52%),1890,106.7,54,2009,8,0,3,8,0,3,0,0,0,darkgray,lightblue,127
Carlton,22,13,,9,333.272 (55%),2270,300.255 (54%),2055,110.5,52,2009,6,0,5,6,0,5,0,0,0,darkgray,lightblue,215
Essendon,22,10,1,11,303.262 (54%),2080,310.267 (54%),2127,97.8,42,2009,6,1,4,6,1,4,0,0,0,darkgray,lightblue,-47
Hawthorn,22,9,,13,285.252 (53%),1962,306.284 (52%),2120,92.5,36,2009,5,0,6,5,0,6,0,0,0,darkgray,lightblue,-158
Port Adelaide,22,9,,13,290.250 (54%),1990,332.252 (57%),2244,88.7,36,2009,8,0,3,8,0,3,0,0,0,darkgray,lightblue,-254
West Coast,22,8,,14,272.261 (51%),1893,297.247 (55%),2029,93.3,32,2009,7,0,4,7,0,4,1,0,1,#003087,#f2a900,-136
Sydney,22,8,,14,278.220 (56%),1888,294.263 (53%),2027,93.1,32,2009,6,0,5,6,0,5,0,0,0,darkgray,lightblue,-139
North Melbourne,22,7,1,14,244.216 (53%),1680,293.257 (53%),2015,83.4,30,2009,4,0,7,4,0,7,0,0,0,darkgray,lightblue,-335
Fremantle,22,6,,16,254.223 (53%),1747,333.261 (56%),2259,77.3,24,2009,4,0,7,4,0,7,1,1,0,2a0d54,a2acb4,-512
Richmond,22,5,1,16,255.244 (51%),1774,348.300 (54%),2388,74.3,22,2009,1,1,9,1,1,9,0,0,0,darkgray,lightblue,-614
Melbourne,22,4,,18,252.194 (57%),1706,332.293 (53%),2285,74.7,16,2009,3,0,8,3,0,8,0,0,0,darkgray,lightblue,-579
Collingwood,22,20,,2,381.306 (55%),2592,222.214 (51%),1546,167.7,80,2011,10,0,1,10,0,1,0,0,0,darkgray,lightblue,1046
Geelong,22,19,,3,377.286 (57%),2548,235.209 (53%),1619,157.4,76,2011,10,0,1,10,0,1,0,0,0,darkgray,lightblue,929
Hawthorn,22,18,,4,345.285 (55%),2355,235.224 (51%),1634,144.1,72,2011,10,0,1,10,0,1,0,0,0,darkgray,lightblue,721
West Coast,22,17,,5,322.303 (52%),2235,253.197 (56%),1715,130.3,68,2011,10,0,1,10,0,1,1,0,1,#003087,#f2a900,520
Carlton,22,14,1,7,320.305 (51%),2225,244.236 (51%),1700,130.9,58,2011,5,1,5,5,1,5,0,0,0,darkgray,lightblue,525
St Kilda,22,12,1,9,275.241 (53%),1891,238.249 (49%),1677,112.8,50,2011,6,1,4,6,1,4,0,0,0,darkgray,lightblue,214
Sydney,22,12,1,9,267.295 (48%),1897,245.265 (48%),1735,109.3,50,2011,6,0,5,6,0,5,0,0,0,darkgray,lightblue,162
Essendon,22,11,1,10,327.255 (56%),2217,326.261 (56%),2217,100,46,2011,7,0,4,7,0,4,0,0,0,darkgray,lightblue,0
North Melbourne,22,10,,12,304.282 (52%),2106,301.276 (52%),2082,101.2,40,2011,6,0,5,6,0,5,0,0,0,darkgray,lightblue,24
Western Bulldogs,22,9,,13,306.224 (58%),2060,312.283 (52%),2155,95.6,36,2011,7,0,4,7,0,4,0,0,0,darkgray,lightblue,-95
Fremantle,22,9,,13,254.267 (49%),1791,314.271 (54%),2155,83.1,36,2011,5,0,6,5,0,6,1,1,0,2a0d54,a2acb4,-364
Richmond,22,8,1,13,300.269 (53%),2069,347.314 (52%),2396,86.4,34,2011,4,0,7,4,0,7,0,0,0,darkgray,lightblue,-327
Melbourne,22,8,1,13,286.258 (53%),1974,341.269 (56%),2315,85.3,34,2011,5,1,5,5,1,5,0,0,0,darkgray,lightblue,-341
Adelaide,22,7,,15,252.230 (52%),1742,315.303 (51%),2193,79.4,28,2011,5,0,6,5,0,6,0,0,0,darkgray,lightblue,-451
Brisbane Lions,22,4,,18,264.230 (53%),1814,325.290 (53%),2240,81,16,2011,3,0,8,3,0,8,0,0,0,darkgray,lightblue,-426
Port Adelaide,22,3,,19,255.188 (58%),1718,390.323 (55%),2663,64.5,12,2011,2,0,9,2,0,9,0,0,0,darkgray,lightblue,-945
Gold Coast,22,3,,19,214.250 (46%),1534,406.290 (58%),2726,56.3,12,2011,1,0,10,1,0,10,0,0,0,darkgray,lightblue,-1192
Hawthorn,22,17,,5,391.333 (54%),2679,251.227 (53%),1733,154.6,68,2012,9,0,2,9,0,2,0,0,0,darkgray,lightblue,946
Adelaide,22,17,,5,357.286 (56%),2428,265.243 (52%),1833,132.5,68,2012,10,0,1,10,0,1,0,0,0,darkgray,lightblue,595
Sydney,22,16,,6,338.262 (56%),2290,234.225 (51%),1629,140.6,64,2012,8,0,3,8,0,3,0,0,0,darkgray,lightblue,661
Collingwood,22,16,,6,305.293 (51%),2123,257.281 (48%),1823,116.5,64,2012,8,0,3,8,0,3,0,0,0,darkgray,lightblue,300
West Coast,22,15,,7,327.282 (54%),2244,264.223 (54%),1807,124.2,60,2012,10,0,1,10,0,1,1,0,1,#003087,#f2a900,437
Geelong,22,15,,7,322.277 (54%),2209,274.242 (53%),1886,117.1,60,2012,10,0,1,10,0,1,0,0,0,darkgray,lightblue,323
Fremantle,22,14,,8,286.240 (54%),1956,244.227 (52%),1691,115.7,56,2012,8,0,3,8,0,3,1,1,0,2a0d54,a2acb4,265
North Melbourne,22,14,,8,351.253 (58%),2359,305.267 (53%),2097,112.5,56,2012,7,0,4,7,0,4,0,0,0,darkgray,lightblue,262
St Kilda,22,12,,10,345.277 (55%),2347,276.247 (53%),1903,123.3,48,2012,7,0,4,7,0,4,0,0,0,darkgray,lightblue,444
Carlton,22,11,,11,299.285 (51%),2079,278.257 (52%),1925,108,44,2012,5,0,6,5,0,6,0,0,0,darkgray,lightblue,154
Essendon,22,11,,11,299.297 (50%),2091,305.260 (54%),2090,100,44,2012,5,0,6,5,0,6,0,0,0,darkgray,lightblue,1
Richmond,22,10,1,11,311.303 (51%),2169,284.239 (54%),1943,111.6,42,2012,5,1,5,5,1,5,0,0,0,darkgray,lightblue,226
Brisbane Lions,22,10,,12,279.230 (55%),1904,304.268 (53%),2092,91,40,2012,6,0,5,6,0,5,0,0,0,darkgray,lightblue,-188
Port Adelaide,22,5,1,16,243.233 (51%),1691,314.260 (55%),2144,78.9,22,2012,3,0,8,3,0,8,0,0,0,darkgray,lightblue,-453
Western Bulldogs,22,5,,17,218.234 (48%),1542,341.255 (57%),2301,67,20,2012,2,0,9,2,0,9,0,0,0,darkgray,lightblue,-759
Melbourne,22,4,,18,224.236 (49%),1580,339.307 (52%),2341,67.5,16,2012,2,0,9,2,0,9,0,0,0,darkgray,lightblue,-761
Gold Coast,22,3,,19,215.219 (50%),1509,357.339 (51%),2481,60.8,12,2012,2,0,9,2,0,9,0,0,0,darkgray,lightblue,-972
Greater Western Sydney,22,2,,20,182.178 (51%),1270,400.351 (53%),2751,46.2,8,2012,2,0,9,2,0,9,0,0,0,darkgray,lightblue,-1481
Hawthorn,22,19,,3,374.279 (57%),2523,271.233 (54%),1859,135.7,76,2013,9,0,2,9,0,2,0,0,0,darkgray,lightblue,664
Geelong,22,18,,4,353.291 (55%),2409,262.204 (56%),1776,135.6,72,2013,11,0,0,11,0,0,0,0,0,darkgray,lightblue,633
Fremantle,22,16,1,5,302.223 (58%),2035,217.216 (50%),1518,134.1,66,2013,10,0,1,10,0,1,1,1,0,2a0d54,a2acb4,517
Sydney,22,15,1,6,332.252 (57%),2244,242.242 (50%),1694,132.5,62,2013,7,1,3,7,1,3,0,0,0,darkgray,lightblue,550
Richmond,22,15,,7,311.288 (52%),2154,252.242 (51%),1754,122.8,60,2013,7,0,4,7,0,4,0,0,0,darkgray,lightblue,400
Collingwood,22,14,,8,310.288 (52%),2148,274.224 (55%),1868,115,56,2013,8,0,3,8,0,3,0,0,0,darkgray,lightblue,280
Port Adelaide,22,12,,10,298.263 (53%),2051,295.232 (56%),2002,102.4,48,2013,7,0,4,7,0,4,0,0,0,darkgray,lightblue,49
Carlton,22,11,,11,304.301 (50%),2125,283.294 (49%),1992,106.7,44,2013,5,0,6,5,0,6,0,0,0,darkgray,lightblue,133
Essendon,22,14,,8,312.273 (53%),2145,289.266 (52%),2000,107.3,,2013,6,0,5,6,0,5,0,0,0,darkgray,lightblue,145
North Melbourne,22,10,,12,342.255 (57%),2307,279.256 (52%),1930,119.5,40,2013,6,0,5,6,0,5,0,0,0,darkgray,lightblue,377
Adelaide,22,10,,12,297.282 (51%),2064,279.235 (54%),1909,108.1,40,2013,5,0,6,5,0,6,0,0,0,darkgray,lightblue,155
Brisbane Lions,22,10,,12,276.266 (51%),1922,309.290 (52%),2144,89.6,40,2013,7,0,4,7,0,4,0,0,0,darkgray,lightblue,-222
West Coast,22,9,,13,295.268 (52%),2038,317.237 (57%),2139,95.3,36,2013,3,0,8,3,0,8,1,0,1,#003087,#f2a900,-101
Gold Coast,22,8,,14,276.262 (51%),1918,301.285 (51%),2091,91.7,32,2013,6,0,5,6,0,5,0,0,0,darkgray,lightblue,-173
Western Bulldogs,22,8,,14,283.228 (55%),1926,331.276 (55%),2262,85.1,32,2013,5,0,6,5,0,6,0,0,0,darkgray,lightblue,-336
St Kilda,22,5,,17,251.245 (51%),1751,308.272 (53%),2120,82.6,20,2013,4,0,7,4,0,7,0,0,0,darkgray,lightblue,-369
Melbourne,22,2,,20,209.201 (51%),1455,393.333 (54%),2691,54.1,8,2013,2,0,9,2,0,9,0,0,0,darkgray,lightblue,-1236
Greater Western Sydney,22,1,,21,221.198 (53%),1524,444.326 (58%),2990,51,4,2013,1,0,10,1,0,10,0,0,0,darkgray,lightblue,-1466
Sydney,22,17,,5,308.278 (53%),2126,207.246 (46%),1488,142.9,68,2014,8,0,3,8,0,3,0,0,0,darkgray,lightblue,638
Hawthorn,22,17,,5,367.256 (59%),2458,254.222 (53%),1746,140.8,68,2014,11,0,0,11,0,0,0,0,0,darkgray,lightblue,712
Geelong,22,17,,5,292.281 (51%),2033,255.257 (50%),1787,113.8,68,2014,11,0,0,11,0,0,0,0,0,darkgray,lightblue,246
Fremantle,22,16,,6,297.247 (55%),2029,217.254 (46%),1556,130.4,64,2014,10,0,1,10,0,1,1,1,0,2a0d54,a2acb4,473
Port Adelaide,22,14,,8,314.296 (51%),2180,243.220 (52%),1678,129.9,56,2014,9,0,2,9,0,2,0,0,0,darkgray,lightblue,502
North Melbourne,22,14,,8,291.280 (51%),2026,248.243 (51%),1731,117,56,2014,8,0,3,8,0,3,0,0,0,darkgray,lightblue,295
Essendon,22,12,1,9,262.256 (51%),1828,250.219 (53%),1719,106.3,50,2014,7,0,4,7,0,4,0,0,0,darkgray,lightblue,109
Richmond,22,12,,10,274.243 (53%),1887,256.248 (51%),1784,105.8,48,2014,6,0,5,6,0,5,0,0,0,darkgray,lightblue,103
West Coast,22,11,,11,300.245 (55%),2045,259.196 (57%),1750,116.9,44,2014,6,0,5,6,0,5,1,0,1,#003087,#f2a900,295
Adelaide,22,11,,11,315.285 (53%),2175,273.269 (50%),1907,114.1,44,2014,6,0,5,6,0,5,0,0,0,darkgray,lightblue,268
Collingwood,22,11,,11,252.254 (50%),1766,270.256 (51%),1876,94.1,44,2014,5,0,6,5,0,6,0,0,0,darkgray,lightblue,-110
Gold Coast,22,10,,12,278.249 (53%),1917,296.269 (52%),2045,93.7,40,2014,7,0,4,7,0,4,0,0,0,darkgray,lightblue,-128
Carlton,22,7,1,14,276.235 (54%),1891,304.283 (52%),2107,89.7,30,2014,5,1,5,5,1,5,0,0,0,darkgray,lightblue,-216
Western Bulldogs,22,7,,15,257.242 (52%),1784,325.227 (59%),2177,81.9,28,2014,3,0,8,3,0,8,0,0,0,darkgray,lightblue,-393
Brisbane Lions,22,7,,15,221.206 (52%),1532,320.292 (52%),2212,69.3,28,2014,3,0,8,3,0,8,0,0,0,darkgray,lightblue,-680
Greater Western Sydney,22,6,,16,256.244 (51%),1780,344.256 (57%),2320,76.7,24,2014,3,0,8,3,0,8,0,0,0,darkgray,lightblue,-540
Melbourne,22,4,,18,190.196 (49%),1336,278.286 (49%),1954,68.4,16,2014,0,0,11,0,0,11,0,0,0,darkgray,lightblue,-618
St Kilda,22,4,,18,212.208 (50%),1480,363.258 (58%),2436,60.8,16,2014,3,0,8,3,0,8,0,0,0,darkgray,lightblue,-956
Fremantle,22,17,,5,273.219 (55%),1857,225.214 (51%),1564,118.7,68,2015,9,0,2,9,0,2,1,1,0,2a0d54,a2acb4,293
West Coast,22,16,1,5,340.290 (54%),2330,229.198 (54%),1572,148.2,66,2015,9,0,2,9,0,2,1,0,1,#003087,#f2a900,758
Hawthorn,22,16,,6,365.262 (58%),2452,221.222 (50%),1548,158.4,64,2015,8,0,3,8,0,3,0,0,0,darkgray,lightblue,904
Sydney,22,16,,6,292.254 (53%),2006,223.240 (48%),1578,127.1,64,2015,8,0,3,8,0,3,0,0,0,darkgray,lightblue,428
Richmond,22,15,,7,280.250 (53%),1930,220.248 (47%),1568,123.1,60,2015,6,0,5,6,0,5,0,0,0,darkgray,lightblue,362
Western Bulldogs,22,14,,8,310.241 (56%),2101,268.217 (55%),1825,115.1,56,2015,9,0,2,9,0,2,0,0,0,darkgray,lightblue,276
Adelaide,21,13,,8,308.259 (54%),2107,266.225 (54%),1821,115.7,54,2015,7,0,3,7,0,3,0,0,0,darkgray,lightblue,286
North Melbourne,22,13,,9,303.244 (55%),2062,280.257 (52%),1937,106.5,52,2015,7,0,4,7,0,4,0,0,0,darkgray,lightblue,125
Port Adelaide,22,12,,10,296.226 (57%),2002,276.218 (56%),1874,106.8,48,2015,6,0,5,6,0,5,0,0,0,darkgray,lightblue,128
Geelong,21,11,1,9,272.221 (55%),1853,266.237 (53%),1833,101.1,48,2015,6,0,5,6,0,5,0,0,0,darkgray,lightblue,20
Greater Western Sydney,22,11,,11,268.264 (50%),1872,272.259 (51%),1891,99,44,2015,8,0,3,8,0,3,0,0,0,darkgray,lightblue,-19
Collingwood,22,10,,12,287.250 (53%),1972,270.236 (53%),1856,106.3,40,2015,4,0,7,4,0,7,0,0,0,darkgray,lightblue,116
Melbourne,22,7,,15,225.223 (50%),1573,301.238 (56%),2044,77,28,2015,4,0,7,4,0,7,0,0,0,darkgray,lightblue,-471
St Kilda,22,6,1,15,241.249 (49%),1695,319.248 (56%),2162,78.4,26,2015,1,1,9,1,1,9,0,0,0,darkgray,lightblue,-467
Essendon,22,6,,16,226.224 (50%),1580,312.262 (54%),2134,74,24,2015,3,0,8,3,0,8,0,0,0,darkgray,lightblue,-554
Gold Coast,22,4,1,17,235.223 (51%),1633,326.284 (53%),2240,72.9,18,2015,3,1,7,3,1,7,0,0,0,darkgray,lightblue,-607
Brisbane Lions,22,4,,18,224.213 (51%),1557,341.260 (57%),2306,67.5,16,2015,3,0,8,3,0,8,0,0,0,darkgray,lightblue,-749
Carlton,22,4,,18,219.211 (51%),1525,349.260 (57%),2354,64.8,16,2015,3,0,8,3,0,8,0,0,0,darkgray,lightblue,-829
Sydney,22,17,,5,326.265 (55%),2221,208.221 (48%),1469,151.2,68,2016,9,0,2,9,0,2,0,0,0,darkgray,lightblue,752
Geelong,22,17,,5,325.285 (53%),2235,227.192 (54%),1554,143.8,68,2016,10,0,1,10,0,1,0,0,0,darkgray,lightblue,681
Hawthorn,22,17,,5,312.262 (54%),2134,263.222 (54%),1800,118.6,68,2016,10,0,1,10,0,1,0,0,0,darkgray,lightblue,334
Greater Western Sydney,22,16,,6,351.274 (56%),2380,240.223 (52%),1663,143.1,64,2016,9,0,2,9,0,2,0,0,0,darkgray,lightblue,717
Adelaide,22,16,,6,363.305 (54%),2483,260.235 (53%),1795,138.3,64,2016,9,0,2,9,0,2,0,0,0,darkgray,lightblue,688
West Coast,22,16,,6,323.243 (57%),2181,240.238 (50%),1678,130,64,2016,10,0,1,10,0,1,1,0,1,#003087,#f2a900,503
Western Bulldogs,22,15,,7,268.249 (52%),1857,237.187 (56%),1609,115.4,60,2016,8,0,3,8,0,3,0,0,0,darkgray,lightblue,248
North Melbourne,22,12,,10,284.252 (53%),1956,264.275 (49%),1859,105.2,48,2016,7,0,4,7,0,4,0,0,0,darkgray,lightblue,97
St Kilda,22,12,,10,286.237 (55%),1953,300.241 (55%),2041,95.7,48,2016,7,0,4,7,0,4,0,0,0,darkgray,lightblue,-88
Port Adelaide,22,10,,12,300.255 (54%),2055,275.289 (49%),1939,106,40,2016,4,0,7,4,0,7,0,0,0,darkgray,lightblue,116
Melbourne,22,10,,12,286.228 (56%),1944,288.263 (52%),1991,97.6,40,2016,7,0,4,7,0,4,0,0,0,darkgray,lightblue,-47
Collingwood,22,9,,13,276.254 (52%),1910,294.234 (56%),1998,95.6,36,2016,6,0,5,6,0,5,0,0,0,darkgray,lightblue,-88
Richmond,22,8,,14,247.231 (52%),1713,314.271 (54%),2155,79.5,32,2016,6,0,5,6,0,5,0,0,0,darkgray,lightblue,-442
Carlton,22,7,,15,224.224 (50%),1568,287.256 (53%),1978,79.3,28,2016,5,0,6,5,0,6,0,0,0,darkgray,lightblue,-410
Gold Coast,22,6,,16,258.230 (53%),1778,328.305 (52%),2273,78.2,24,2016,5,0,6,5,0,6,0,0,0,darkgray,lightblue,-495
Fremantle,22,4,,18,227.212 (52%),1574,306.283 (52%),2119,74.3,16,2016,3,0,8,3,0,8,1,1,0,2a0d54,a2acb4,-545
Brisbane Lions,22,3,,19,254.246 (51%),1770,429.298 (59%),2872,61.6,12,2016,2,0,9,2,0,9,0,0,0,darkgray,lightblue,-1102
Essendon,22,3,,19,200.237 (46%),1437,350.256 (58%),2356,61,12,2016,3,0,8,3,0,8,0,0,0,darkgray,lightblue,-919
Adelaide,22,15,1,6,354.291 (55%),2415,260.216 (55%),1776,136,62,2017,8,0,3,8,0,3,0,0,0,darkgray,lightblue,639
Geelong,22,15,1,6,313.256 (55%),2134,260.258 (50%),1818,117.4,62,2017,9,0,2,9,0,2,0,0,0,darkgray,lightblue,316
Richmond,22,15,,7,287.270 (52%),1992,242.232 (51%),1684,118.3,60,2017,9,0,2,9,0,2,0,0,0,darkgray,lightblue,308
Greater Western Sydney,22,14,2,6,302.269 (53%),2081,262.240 (52%),1812,114.8,60,2017,9,1,1,9,1,1,0,0,0,darkgray,lightblue,269
Port Adelaide,22,14,,8,313.290 (52%),2168,239.237 (50%),1671,129.7,56,2017,8,0,3,8,0,3,0,0,0,darkgray,lightblue,497
Sydney,22,14,,8,305.263 (54%),2093,237.229 (51%),1651,126.8,56,2017,7,0,4,7,0,4,0,0,0,darkgray,lightblue,442
Essendon,22,12,,10,311.269 (54%),2135,288.276 (51%),2004,106.5,48,2017,8,0,3,8,0,3,0,0,0,darkgray,lightblue,131
West Coast,22,12,,10,288.236 (55%),1964,266.262 (50%),1858,105.7,48,2017,8,0,3,8,0,3,1,0,1,#003087,#f2a900,106
Melbourne,22,12,,10,302.223 (58%),2035,280.254 (52%),1934,105.2,48,2017,6,0,5,6,0,5,0,0,0,darkgray,lightblue,101
Western Bulldogs,22,11,,11,260.297 (47%),1857,279.239 (54%),1913,97.1,44,2017,7,0,4,7,0,4,0,0,0,darkgray,lightblue,-56
St Kilda,22,11,,11,271.299 (48%),1925,291.240 (55%),1986,96.9,44,2017,7,0,4,7,0,4,0,0,0,darkgray,lightblue,-61
Hawthorn,22,10,1,11,273.226 (55%),1864,301.249 (55%),2055,90.7,42,2017,6,1,4,6,1,4,0,0,0,darkgray,lightblue,-191
Collingwood,22,9,1,12,278.276 (50%),1944,287.241 (54%),1963,99,38,2017,4,1,6,4,1,6,0,0,0,darkgray,lightblue,-19
Fremantle,22,8,,14,231.221 (51%),1607,317.258 (55%),2160,74.4,32,2017,5,0,6,5,0,6,1,1,0,2a0d54,a2acb4,-553
North Melbourne,22,6,,16,290.243 (54%),1983,331.278 (54%),2264,87.6,24,2017,3,0,8,3,0,8,0,0,0,darkgray,lightblue,-281
Carlton,22,6,,16,232.202 (53%),1594,299.244 (55%),2038,78.2,24,2017,4,0,7,4,0,7,0,0,0,darkgray,lightblue,-444
Gold Coast,22,6,,16,257.214 (55%),1756,337.289 (54%),2311,76,24,2017,4,0,7,4,0,7,0,0,0,darkgray,lightblue,-555
Brisbane Lions,22,5,,17,276.221 (56%),1877,367.324 (53%),2526,74.3,20,2017,3,0,8,3,0,8,0,0,0,darkgray,lightblue,-649
Richmond,22,18,,4,311.277 (53%),2143,232.182 (56%),1574,136.1,72,2018,11,0,0,11,0,0,0,0,0,darkgray,lightblue,569
West Coast,22,16,,6,295.242 (55%),2012,241.211 (53%),1657,121.4,64,2018,8,0,3,8,0,3,1,0,1,#003087,#f2a900,355
Collingwood,22,15,,7,300.246 (55%),2046,251.193 (57%),1699,120.4,60,2018,7,0,4,7,0,4,0,0,0,darkgray,lightblue,347
Hawthorn,22,15,,7,290.232 (56%),1972,236.226 (51%),1642,120.1,60,2018,8,0,3,8,0,3,0,0,0,darkgray,lightblue,330
Melbourne,22,14,,8,336.283 (54%),2299,256.213 (55%),1749,131.4,56,2018,6,0,5,6,0,5,0,0,0,darkgray,lightblue,550
Sydney,22,14,,8,268.214 (56%),1822,231.278 (45%),1664,109.5,56,2018,5,0,6,5,0,6,0,0,0,darkgray,lightblue,158
Greater Western Sydney,22,13,1,8,268.290 (48%),1898,239.227 (51%),1661,114.3,54,2018,8,0,3,8,0,3,0,0,0,darkgray,lightblue,237
Geelong,22,13,,9,298.257 (54%),2045,216.258 (46%),1554,131.6,52,2018,8,0,3,8,0,3,0,0,0,darkgray,lightblue,491
North Melbourne,22,12,,10,285.240 (54%),1950,259.236 (52%),1790,108.9,48,2018,7,0,4,7,0,4,0,0,0,darkgray,lightblue,160
Port Adelaide,22,12,,10,259.226 (53%),1780,241.208 (54%),1654,107.6,48,2018,7,0,4,7,0,4,0,0,0,darkgray,lightblue,126
Essendon,22,12,,10,280.252 (53%),1932,264.254 (51%),1838,105.1,48,2018,7,0,4,7,0,4,0,0,0,darkgray,lightblue,94
Adelaide,22,12,,10,279.267 (51%),1941,268.257 (51%),1865,104.1,48,2018,8,0,3,8,0,3,0,0,0,darkgray,lightblue,76
Western Bulldogs,22,8,,14,224.231 (49%),1575,300.237 (56%),2037,77.3,32,2018,5,0,6,5,0,6,0,0,0,darkgray,lightblue,-462
Fremantle,22,8,,14,224.212 (51%),1556,294.277 (51%),2041,76.2,32,2018,6,0,5,6,0,5,1,1,0,2a0d54,a2acb4,-485
Brisbane Lions,22,5,,17,266.229 (54%),1825,297.267 (53%),2049,89.1,20,2018,2,0,9,2,0,9,0,0,0,darkgray,lightblue,-224
St Kilda,22,4,1,17,225.256 (47%),1606,310.265 (54%),2125,75.6,18,2018,2,1,8,2,1,8,0,0,0,darkgray,lightblue,-519
Gold Coast,22,4,,18,181.222 (45%),1308,311.316 (50%),2182,59.9,16,2018,1,0,10,1,0,10,0,0,0,darkgray,lightblue,-874
Carlton,22,2,,20,192.201 (49%),1353,335.272 (55%),2282,59.3,8,2018,1,0,10,1,0,10,0,0,0,darkgray,lightblue,-929
Geelong,22,16,,6,291.238 (55%),1984,203.244 (45%),1462,135.7,64,2019,9,0,2,9,0,2,0,0,0,darkgray,lightblue,522
Brisbane Lions,22,16,,6,288.276 (51%),2004,243.236 (51%),1694,118.3,64,2019,10,0,1,10,0,1,0,0,0,darkgray,lightblue,310
Richmond,22,16,,6,275.242 (53%),1892,244.200 (55%),1664,113.7,64,2019,9,0,2,9,0,2,0,0,0,darkgray,lightblue,228
Collingwood,22,15,,7,274.241 (53%),1885,230.221 (51%),1601,117.7,60,2019,6,0,5,6,0,5,0,0,0,darkgray,lightblue,284
West Coast,22,15,,7,282.210 (57%),1902,239.257 (48%),1691,112.5,60,2019,8,0,3,8,0,3,1,0,1,#003087,#f2a900,211
Greater Western Sydney,22,13,,9,283.228 (55%),1926,243.211 (54%),1669,115.4,52,2019,7,0,4,7,0,4,0,0,0,darkgray,lightblue,257
Western Bulldogs,22,12,,10,279.267 (51%),1941,264.226 (54%),1810,107.2,48,2019,7,0,4,7,0,4,0,0,0,darkgray,lightblue,131
Essendon,22,12,,10,247.220 (53%),1702,253.266 (49%),1784,95.4,48,2019,7,0,4,7,0,4,0,0,0,darkgray,lightblue,-82
Hawthorn,22,11,,11,250.242 (51%),1742,228.234 (49%),1602,108.7,44,2019,7,0,4,7,0,4,0,0,0,darkgray,lightblue,140
Port Adelaide,22,11,,11,257.264 (49%),1806,249.220 (53%),1714,105.4,44,2019,6,0,5,6,0,5,0,0,0,darkgray,lightblue,92
Adelaide,22,10,,12,256.240 (52%),1776,252.249 (50%),1761,100.9,40,2019,5,0,6,5,0,6,0,0,0,darkgray,lightblue,15
North Melbourne,22,10,,12,265.234 (53%),1824,265.244 (52%),1834,99.5,40,2019,6,0,5,6,0,5,0,0,0,darkgray,lightblue,-10
Fremantle,22,9,,13,225.229 (50%),1579,245.248 (50%),1718,91.9,36,2019,7,0,4,7,0,4,1,1,0,2a0d54,a2acb4,-139
St Kilda,22,9,,13,233.247 (49%),1645,294.197 (60%),1961,83.9,36,2019,6,0,5,6,0,5,0,0,0,darkgray,lightblue,-316
Sydney,22,8,,14,248.218 (53%),1706,246.270 (48%),1746,97.7,32,2019,5,0,6,5,0,6,0,0,0,darkgray,lightblue,-40
Carlton,22,7,,15,231.223 (51%),1609,276.249 (53%),1905,84.5,28,2019,4,0,7,4,0,7,0,0,0,darkgray,lightblue,-296
Melbourne,22,5,,17,223.231 (49%),1569,297.213 (58%),1995,78.6,20,2019,2,0,9,2,0,9,0,0,0,darkgray,lightblue,-426
Gold Coast,22,3,,19,194.187 (51%),1351,330.252 (57%),2232,60.5,12,2019,2,0,9,2,0,9,0,0,0,darkgray,lightblue,-881
Port Adelaide,17,14,,3,168.177 (49%),1185,127.107 (54%),869,136.4,56,2020,8,0,1,8,0,1,0,0,0,darkgray,lightblue,316
Brisbane Lions,17,14,,3,165.194 (46%),1184,139.114 (55%),948,124.9,56,2020,9,0,0,9,0,0,0,0,0,darkgray,lightblue,236
Richmond,17,12,1,4,164.151 (52%),1135,124.130 (49%),874,129.9,50,2020,7,0,1,7,0,1,0,0,0,darkgray,lightblue,261
Geelong,17,12,,5,182.141 (56%),1233,129.127 (50%),901,136.8,48,2020,6,0,3,6,0,3,0,0,0,darkgray,lightblue,332
West Coast,17,12,,5,162.123 (57%),1095,133.138 (49%),936,117,48,2020,9,0,0,9,0,0,1,0,1,#003087,#f2a900,159
St Kilda,17,10,,7,171.133 (56%),1159,142.145 (49%),997,116.2,40,2020,6,0,2,6,0,2,0,0,0,darkgray,lightblue,162
Western Bulldogs,17,10,,7,159.149 (52%),1103,149.140 (52%),1034,106.7,40,2020,5,0,3,5,0,3,0,0,0,darkgray,lightblue,69
Collingwood,17,9,1,7,139.131 (51%),965,131.95 (58%),881,109.5,38,2020,5,1,2,5,1,2,0,0,0,darkgray,lightblue,84
Melbourne,17,9,,8,155.133 (54%),1063,142.134 (51%),986,107.8,36,2020,4,0,5,4,0,5,0,0,0,darkgray,lightblue,77
Greater Western Sydney,17,8,,9,145.137 (51%),1007,151.147 (51%),1053,95.6,32,2020,5,0,3,5,0,3,0,0,0,darkgray,lightblue,-46
Carlton,17,7,,10,146.141 (51%),1017,158.130 (55%),1078,94.3,28,2020,2,0,6,2,0,6,0,0,0,darkgray,lightblue,-61
Fremantle,17,7,,10,127.104 (55%),866,131.138 (49%),924,93.7,28,2020,4,0,6,4,0,6,1,1,0,2a0d54,a2acb4,-58
Essendon,17,6,1,10,136.122 (53%),938,172.153 (53%),1185,79.2,26,2020,2,0,6,2,0,6,0,0,0,darkgray,lightblue,-247
Gold Coast,17,5,1,11,142.144 (50%),996,160.139 (54%),1099,90.6,22,2020,4,1,5,4,1,5,0,0,0,darkgray,lightblue,-103
Hawthorn,17,5,,12,147.122 (55%),1004,175.144 (55%),1194,84.1,20,2020,3,0,4,3,0,4,0,0,0,darkgray,lightblue,-190
Sydney,17,5,,12,128.122 (51%),890,153.159 (49%),1077,82.6,20,2020,3,0,5,3,0,5,0,0,0,darkgray,lightblue,-187
North Melbourne,17,3,,14,124.114 (52%),858,170.185 (48%),1205,71.2,12,2020,2,0,6,2,0,6,0,0,0,darkgray,lightblue,-347
Adelaide,17,3,,14,116.130 (47%),826,190.143 (57%),1283,64.4,12,2020,1,0,8,1,0,8,0,0,0,darkgray,lightblue,-457
Melbourne,22,17,1,4,270.268 (50%),1888,211.177 (54%),1443,130.8,70,2021,7,1,3,7,1,3,0,0,0,darkgray,lightblue,445
Port Adelaide,22,17,,5,276.228 (55%),1884,210.232 (48%),1492,126.3,68,2021,8,0,3,8,0,3,0,0,0,darkgray,lightblue,392
Geelong,22,16,,6,269.231 (54%),1845,205.226 (48%),1456,126.7,64,2021,9,0,2,9,0,2,0,0,0,darkgray,lightblue,389
Brisbane Lions,22,15,,7,313.253 (55%),2131,231.213 (52%),1599,133.3,60,2021,9,0,2,9,0,2,0,0,0,darkgray,lightblue,532
Western Bulldogs,22,15,,7,288.266 (52%),1994,215.211 (50%),1501,132.8,60,2021,7,0,4,7,0,4,0,0,0,darkgray,lightblue,493
Sydney,22,15,,7,293.228 (56%),1986,237.234 (50%),1656,119.9,60,2021,9,0,2,9,0,2,0,0,0,darkgray,lightblue,330
Greater Western Sydney,22,11,1,10,258.220 (54%),1768,255.243 (51%),1773,99.7,46,2021,4,0,7,4,0,7,0,0,0,darkgray,lightblue,-5
Essendon,22,11,,11,287.231 (55%),1953,261.224 (54%),1790,109.1,44,2021,5,0,6,5,0,6,0,0,0,darkgray,lightblue,163
West Coast,22,10,,12,257.210 (55%),1752,274.236 (54%),1880,93.2,40,2021,7,0,4,7,0,4,1,0,1,#003087,#f2a900,-128
St Kilda,22,10,,12,237.222 (52%),1644,260.236 (52%),1796,91.5,40,2021,5,0,6,5,0,6,0,0,0,darkgray,lightblue,-152
Fremantle,22,10,,12,219.264 (45%),1578,265.235 (53%),1825,86.5,40,2021,7,0,4,7,0,4,1,1,0,2a0d54,a2acb4,-247
Richmond,22,9,1,12,253.225 (53%),1743,258.232 (53%),1780,97.9,38,2021,6,1,4,6,1,4,0,0,0,darkgray,lightblue,-37
Carlton,22,8,,14,250.246 (50%),1746,288.244 (54%),1972,88.5,32,2021,3,0,8,3,0,8,0,0,0,darkgray,lightblue,-226
Hawthorn,22,7,2,13,239.195 (55%),1629,282.220 (56%),1912,85.2,32,2021,4,0,7,4,0,7,0,0,0,darkgray,lightblue,-283
Adelaide,22,7,,15,230.236 (49%),1616,287.249 (54%),1971,82,28,2021,5,0,6,5,0,6,0,0,0,darkgray,lightblue,-355
Gold Coast,22,7,,15,201.224 (47%),1430,268.255 (51%),1863,76.8,28,2021,4,0,7,4,0,7,0,0,0,darkgray,lightblue,-433
Collingwood,22,6,,16,225.207 (52%),1557,269.204 (57%),1818,85.6,24,2021,1,0,10,1,0,10,0,0,0,darkgray,lightblue,-261
North Melbourne,22,4,1,17,210.198 (51%),1458,299.281 (52%),2075,70.3,18,2021,1,1,9,1,1,9,0,0,0,darkgray,lightblue,-617
